site_id,domain,category
1,https://www.cnn.com/2026/08/31/business/shein-hong-kong-ipo-intl-hnk,News
2,https://www.theverge.com/games/986302/chess-poker-expansion-gambit,News
3,https://www.reddit.com/,Social Media
4,https://substack.com,News
5,https://www.amazon.com,E-Commerce
6,https://www.youtube.com,Social Media
7,https://en.wikipedia.org/wiki/Columbia_Records,Reference
8,https://news.ycombinator.com,Social Media
9,https://finance.yahoo.com/markets/article/fed-chairman-kevin-warsh-triggered-a-new-problem-for-stocks-120625754.html,News
10,https://github.com/FreeCodeCamp/freecodecamp,Education